successes,trials,mean,lower,upper,bias_es,random,n_ids,n_countries,Class
1000,1000,1,0.9963179161031344,1,0.16,0.3,100,20,rq3
1000,1000,1,0.9963179161031344,1,0.16,0.3,200,40,rq3
1000,1000,1,0.9963179161031344,1,0.16,0.8,100,20,rq3
1000,1000,1,0.9963179161031344,1,0.16,0.8,200,40,rq3
1000,1000,1,0.9963179161031344,1,0.16,1.5,100,20,rq3
1000,1000,1,0.9963179161031344,1,0.16,1.5,200,40,rq3
