successes,trials,mean,lower,upper,bias_es,random,n_ids,n_countries,Class
1000,1000,1,0.9963179161,1,0.16,0.05,200,30,rq2
1000,1000,1,0.9963179161,1,0.16,0.05,200,40,rq2
1000,1000,1,0.9963179161,1,0.16,0.05,200,50,rq2
1000,1000,1,0.9963179161,1,0.16,0.3,200,40,rq2
1000,1000,1,0.9963179161,1,0.16,0.55,200,40,rq2
1000,1000,1,0.9963179161,1,0.16,0.8,150,30,rq2
1000,1000,1,0.9963179161,1,0.16,1.5,200,40,rq2
